{
    "openapi": "3.0.0",
    "info": {
        "description": "Swagger Doc For Acne Clear app",
        "version": "1.0.0",
        "title": "Swagger Acne Clear app",
        "termsOfService": "http://swagger.io/terms/",
        "contact": {
            "email": "apiteam@swagger.io"
        },
        "license": {
            "name": "Apache 2.0",
            "url": "http://www.apache.org/licenses/LICENSE-2.0.html"
        }
    },
    "paths": {},
    "externalDocs": {
        "description": "Find out more about Swagger",
        "url": "http://swagger.io"
    },
    "servers": [
        {
            "url": "http://localhost:8010/admin"
        },
        {
            "url": "http://localhost:8010/common"
        },
        {
            "url": "http://65.2.68.95:8008/admin"
        },
        {
            "url": "http://65.2.68.95:8008/common"
        }
    ],
    "components": {
        "securitySchemes": {
            "Bearer": {
                "type": "apiKey",
                "name": "Authorization",
                "in": "header"
            }
        },
        "schemas": {}
    }
}