{
    "paths": {
        "/file_upload": {
            "post": {
                "tags": [
                    "Common APIs"
                ],
                "summary": "Upload files",
                "description": "Upload files",
                "operationId": "file_upload",
                "requestBody": {
                    "content": {
                        "multipart/form-data": {
                            "schema": {
                                "$ref": "#/components/schemas/file_upload"
                            }
                        }
                    },
                    "required": true
                },
                "responses": {}
            }
        },
        "/test_file_upload": {
            "post": {
                "tags": [
                    "Common APIs"
                ],
                "summary": "Upload files",
                "description": "Upload files",
                "operationId": "file_upload",
                "requestBody": {
                    "content": {
                        "multipart/form-data": {
                            "schema": {
                                "$ref": "#/components/schemas/file_upload"
                            }
                        }
                    },
                    "required": true
                },
                "responses": {}
            }
        }
    },
    "schemas": {
        "file_upload": {
            "type": "object",
            "required": [],
            "properties": {
                "type": {
                    "type": "string",
                    "enum": [ "image", "video", "audio"],
                    "required": true,
                    "default":"image"
                },
                "folder": { 
                    "type": "string",
                    "enum": [ "user", "default"],
                    "required": true,
                    "default":"user"
                },
                "image": {
                    "type": "array",
                    "items":{
                        "type": "string",
                        "format": "binary"
                    }
                }
            }
        }
    }
}